-- phpMyAdmin SQL Dump
-- version 5.1.1
-- https://www.phpmyadmin.net/
--
-- Host: localhost
-- 생성 시간: 22-06-10 01:02
-- 서버 버전: 8.0.26
-- PHP 버전: 8.0.10

SET SQL_MODE = "NO_AUTO_VALUE_ON_ZERO";
START TRANSACTION;
SET time_zone = "+00:00";


/*!40101 SET @OLD_CHARACTER_SET_CLIENT=@@CHARACTER_SET_CLIENT */;
/*!40101 SET @OLD_CHARACTER_SET_RESULTS=@@CHARACTER_SET_RESULTS */;
/*!40101 SET @OLD_COLLATION_CONNECTION=@@COLLATION_CONNECTION */;
/*!40101 SET NAMES utf8mb4 */;

--
-- 데이터베이스: `ysu_project`
--

-- --------------------------------------------------------

--
-- 테이블 구조 `board`
--

CREATE TABLE `board` (
  `b_id` int NOT NULL,
  `book_name` varchar(50) CHARACTER SET utf8mb4 COLLATE utf8mb4_0900_ai_ci DEFAULT NULL
) ENGINE=InnoDB DEFAULT CHARSET=utf8mb4 COLLATE=utf8mb4_0900_ai_ci;

-- --------------------------------------------------------

--
-- 테이블 구조 `book`
--

CREATE TABLE `book` (
  `book_name` varchar(50) CHARACTER SET utf8mb4 COLLATE utf8mb4_0900_ai_ci NOT NULL,
  `writer` varchar(10) DEFAULT NULL,
  `publisher` varchar(20) DEFAULT NULL,
  `date` date DEFAULT NULL,
  `department_id` int DEFAULT NULL
) ENGINE=InnoDB DEFAULT CHARSET=utf8mb4 COLLATE=utf8mb4_0900_ai_ci;

--
-- 테이블의 덤프 데이터 `book`
--

INSERT INTO `book` (`book_name`, `writer`, `publisher`, `date`, `department_id`) VALUES
('2020회로이론', '검정연구회', '동일출판사', '2020-04-09', 103),
('2021 에듀윌 ERP 정보관리사 물류 2급', '최주영', '에듀윌', '2021-09-10', 401),
('2021 이기적 ITQ 엑세스(ver.2016년)', '이상미', '영진닷컴', '2019-09-01', 401),
('2022 전력공학', '검정연구회', '동일출판사', '2022-01-22', 103),
('2022 회로이론', '검정연구회', '동일출판사', '2022-01-22', 103),
('4차 산업혁명시대의 스마트창업경영', '전기석', '지필출판사', '2019-08-26', 401),
('Android Studio를 활용한 안드로이드 프로그래밍', '우재남,박길식', '한빛아카데미', '2022-01-22', 104),
('AutoCAD', '김현철', '연성대학교 디지털전자과', '2018-11-21', 101),
('C Warming up Programming', '천정아', '연두에디션', '2019-05-24', 104),
('Core C Programming 2nd ED', '천정아', '연두에디션', '2019-10-19', 104),
('C로 배우는 쉬운 자료구조', '이지영', '한빛아카데미', '2016-09-28', 104),
('C언어 Express', '천인국', '생능출판사', '2012-07-21', 103),
('C언어로 배우는 마이크로컨트롤러', '이승규', '연성대학교 디지털전자과', '2015-08-12', 101),
('English Conversation for Tour Conductor 1', '박수현', '자체개발', '2019-02-06', 602),
('Head First DB/SQL', '박종걸 역', '한빛 미디어', '2008-06-28', 104),
('IFRS 회계원리(제3판)', '김재호', '도서출판 원', '2019-08-26', 401),
('ITQ 한글 2010(2020)', '수혐서편집팀', '교학사', '2019-08-26', 401),
('K-POP과 1', '김강', '이한출판사', '2011-08-26', 305),
('K-POP과 2', '이지영', '정보문화사', '2015-08-26', 305),
('K-POP과 3', '천인국', '한빛미디어', '2018-08-26', 305),
('K-POP과 4', '하상호', '길벗', '2019-08-26', 305),
('LOGIN 세무회계2급(2020)', '김영철', '어울림', '2020-08-26', 403),
('NCS학습모듈 활용', '연성대학교', '연성대학교 세무회계과', '2019-05-12', 403),
('SQL Server로 배우는 데이터베이스 개론과 실습', '박우창, 남송휘', '한빛아카데미', '2013-01-12', 104),
('TOPAS CELL CONNECTION', 'TOPAS여행정보', 'TOPAS여행정보', '2019-12-19', 602),
('VHDL실습', '김동하', '연성대학교 디지털전자과', '2015-05-13', 101),
('XML 프로그래밍', '홍성용', '한빛미디어', '2019-02-21', 104),
('개념으로 이해하는 전자기학', '박재환', '도서출판 한산', '2015-11-30', 102),
('건축과  2-2', '신용권', '가매출판사', '2013-05-14', 201),
('건축과 1-1', '최범균', '생능출판', '2015-05-13', 201),
('건축과 1-2', '김강', '이한출판사', '2018-05-24', 201),
('건축과 2-1', '김강', '한빛미디어', '2013-05-15', 201),
('건축과 3-1', '김우경', '한빛미디어', '2014-05-07', 201),
('건축과 3-2', '김강', '한빛미디어', '2021-05-24', 201),
('건축학과 1', '김강', '이한출판사', '2011-08-26', 702),
('건축학과 2', '이지영', '정보문화사', '2015-08-26', 702),
('건축학과 3', '천인국', '한빛미디어', '2018-08-26', 702),
('건축학과 4', '하상호', '길벗', '2019-08-26', 702),
('건축학과 5', '최범균', '생능출판사', '2020-08-26', 702),
('건축학과 6', '강윤석', '한빛아카데미', '2018-08-26', 702),
('게임콘텐츠과 1-1', '천인국', '한빛미디어', '2018-08-26', 301),
('게임콘텐츠과 1-2', '하상호', '길벗', '2019-08-26', 301),
('게임콘텐츠과 2-1', '이지영', '정보문화사', '2015-08-26', 301),
('게임콘텐츠과 2-2', '김강', '이한출판사', '2011-08-26', 301),
('경영학', '구동모', '학현사', '2017-08-26', 401),
('경영학과 1-1', '천인국', '한빛미디어', '2018-08-26', 402),
('경영학과 1-2', '이지영', '정보문화사', '2015-08-26', 402),
('경영학과 2-1', '김강', '이한출판사', '2011-08-26', 402),
('경영학과 2-2', '하상호', '길벗', '2019-08-26', 402),
('경영학과 심화 1', '김강', '이한출판사', '2011-08-26', 707),
('경영학과 심화 2', '이지영', '정보문화사', '2015-08-26', 707),
('경영학과 심화 3', '천인국', '한빛미디어', '2018-08-26', 707),
('경영학과 심화 4', '하상호', '길벗', '2019-08-26', 707),
('경영학과 심화 5', '최범균', '생능출판사', '2020-08-26', 707),
('경영학과 심화 6', '강윤석', '한빛아카데미', '2018-08-26', 707),
('경영학원론(제4판)', '임창희', '도서출판라온', '2019-02-11', 403),
('경찰경호보안과 1-1', '김강', '이한출판사', '2011-08-26', 405),
('경찰경호보안과 1-2', '이지영', '정보문화사', '2015-08-26', 405),
('경찰경호보안과 2-1', '천인국', '한빛미디어', '2018-08-26', 405),
('경찰경호보안과 2-2', '하상호', '길벗', '2019-08-26', 405),
('관광과 호텔관광전공 1-1', '김강', '이한출판사', '2011-08-26', 604),
('관광과 호텔관광전공 1-2', '이지영', '정보문화사', '2015-08-26', 604),
('관광과 호텔관광전공 2-1', '천인국', '한빛미디어', '2018-08-26', 604),
('관광과 호텔관광전공 2-2', '하상호', '길벗', '2019-08-26', 604),
('관광서비스업 취업 뽀개기', '이정희 외2명', '한올', '2019-11-07', 602),
('국가공인 회계관리 1급 재무회계', '삼일회계법인', '삼일인포마인', '2021-05-21', 403),
('국외여행인솔자(TOUR CONDUCTOR)업무론', '김병헌', '백산출판사', '2013-08-26', 602),
('군사학과 1-1', '김강', '이한출판사', '2011-08-26', 404),
('군사학과 1-2', '이지영', '정보문화사', '2015-08-26', 404),
('군사학과 2-1', '천인국', '한빛미디어', '2018-08-26', 404),
('군사학과 2-2', '하상호', '길벗', '2019-08-26', 404),
('기초전자실험 with PSpice', '홍순관', '한빛아카데미', '2016-04-17', 102),
('네트워크 개론(3판)', '진혜진', '한빛아카데미', '2019-08-22', 101),
('네트워크 해킹과 보안', '양대일', '한빛아카데미', '2016-07-11', 102),
('다락원 중국어 마스터 step1', '박정구, 백은희', '다락원', '2008-07-26', 603),
('다락원 중국어 마스터 step3', '박정구, 백은희', '다락원', '2009-05-04', 603),
('두근두근 파이썬', '천인국', '생능출판사', '2017-01-16', 104),
('든든한 엑셀 2016', '이유정 외2인', '연두에디션', '2019-08-26', 401),
('디지털 논리회로', '임석구,홍경호', '한빛미디어', '2016-06-02', 102),
('디지털논리설계', '박용수 외2인', '복두출판사', '2014-09-18', 103),
('디지털전자과 2020 1-1', '연성대학교', '연성대학교 디지털전자과', '2020-02-27', 101),
('디지털전자과 2020 2-1', '연성대학교', '연성대학교 디지털전자과', '2020-02-27', 101),
('디지털전자과 2020 3-1', '연성대학교', '연성대학교 디지털전자과', '2020-02-27', 101),
('디지털통신', '연성대학교', '연성대학교 정보통신과', '2021-01-23', 102),
('디지털회로기초실습', '김동하', '연성대학교 디지털전자과', '2018-01-11', 101),
('따라하며 배우는 파이썬과 데이터 과학', '천인국', '생능출판사', '2020-01-18', 104),
('마케팅원론', '안광호 외3인', '학현사', '2018-08-26', 401),
('마케팅원론(개정 7판)', '안광호', '학현사', '2018-01-02', 403),
('매장관리론', '이상윤', '도서출판두남', '2019-11-21', 401),
('면세점필수 중국어', '최윤선 외2명', '시사중국어사', '2013-08-26', 603),
('명품 Java Programming', '황기태, 김효수', '생능출판사', '2018-04-21', 104),
('모바일 시대의 정보보안개론', '조태남 외2인', '인피니티북스', '2016-07-21', 104),
('물류 기업 실무자를 위한 화물운송론', '이원동', '도서출판두남', '2019-08-26', 401),
('반려동물과 1-1', '천인국', '한빛미디어', '2018-08-26', 503),
('반려동물과 1-2', '하상호', '길벗', '2019-08-26', 503),
('반려동물과 2-1', '최범균', '생능출판사', '2020-08-26', 503),
('반려동물과 2-2', '강윤석', '한빛아카데미', '2018-08-26', 503),
('보건의료행정과 1-1', '김강', '이한출판사', '2011-08-26', 501),
('보건의료행정과 1-2', '이지영', '정보문화사', '2015-08-26', 501),
('보건의료행정과 2-1', '천인국', '한빛미디어', '2018-08-26', 501),
('보건의료행정과 2-2', '하상호', '길벗', '2019-08-26', 501),
('보건의료행정과 3-1', '최범균', '생능출판사', '2020-08-26', 501),
('보건의료행정과 3-2', '강윤석', '한빛아카데미', '2018-08-26', 501),
('보건의료행정학과 1', '김강', '이한출판사', '2011-08-26', 706),
('보건의료행정학과 2', '이지영', '정보문화사', '2015-08-26', 706),
('보건의료행정학과 3', '천인국', '한빛미디어', '2018-08-26', 706),
('보건의료행정학과 4', '하상호', '길벗', '2019-08-26', 706),
('보건의료행정학과 5', '최범균', '생능출판사', '2020-08-26', 706),
('보건의료행정학과 6', '강윤석', '한빛아카데미', '2018-08-26', 706),
('보관하역론', '유창권', '도서출판두남', '2020-05-21', 401),
('뷰티스타일리스트과 메이크업전공 1-1', '천인국', '한빛미디어', '2018-08-26', 206),
('뷰티스타일리스트과 메이크업전공 1-2', '이지영', '정보문화사', '2015-08-26', 206),
('뷰티스타일리스트과 메이크업전공 2-1', '하상호', '길벗', '2019-08-26', 206),
('뷰티스타일리스트과 메이크업전공 2-2', '김강', '이한출판사', '2011-08-26', 206),
('뷰티스타일리스트과 스킨케어전공 1-1', '홍길동', '한빛미디어', '2021-05-24', 207),
('뷰티스타일리스트과 스킨케어전공 1-2', '임석구', '한빛미디어', '2012-09-15', 207),
('뷰티스타일리스트과 스킨케어전공 2-1', '린 베일리', '한빛미디어', '2016-11-18', 207),
('뷰티스타일리스트과 스킨케어전공 2-2', '허원실', '한빛미디어', '2012-08-03', 207),
('뷰티스타일리스트과 헤어디자인전공 1-1', '하상호', '길벗', '2019-08-26', 205),
('뷰티스타일리스트과 헤어디자인전공 1-2', '천인국', '한빛미디어', '2018-08-26', 205),
('뷰티스타일리스트과 헤어디자인전공 2-1', '이지영', '정보문화사', '2015-08-26', 205),
('뷰티스타일리스트과 헤어디자인전공 2-2', '최범균', '생능출판사', '2020-08-26', 205),
('사회복지과(사회복지과 사회복지전공) 1-1', '김강', '이한출판사', '2011-08-26', 506),
('사회복지과(사회복지과 사회복지전공) 1-2', '이지영', '정보문화사', '2015-08-26', 506),
('사회복지과(사회복지과 사회복지전공) 2-1', '천인국', '한빛미디어', '2018-08-26', 506),
('사회복지과(사회복지과 사회복지전공) 2-2', '하상호', '길벗', '2019-08-26', 506),
('사회복지과(사회복지과 사회복지전공) 3-1', '최범균', '생능출판사', '2020-08-26', 506),
('사회복지과(사회복지과 사회복지전공) 3-2', '강윤석', '한빛아카데미', '2018-08-26', 506),
('사회복지학과 1', '김강', '이한출판사', '2011-08-26', 710),
('사회복지학과 2', '이지영', '정보문화사', '2015-08-26', 710),
('사회복지학과 3', '천인국', '한빛미디어', '2018-08-26', 710),
('사회복지학과 4', '하상호', '길벗', '2019-08-26', 710),
('사회복지학과 5', '최범균', '생능출판사', '2020-08-26', 710),
('사회복지학과 6', '강윤석', '한빛아카데미', '2018-08-26', 710),
('상권분석론(개정판)', '이상윤', '도서출판두남', '2018-01-21', 401),
('세계관광과 문화', '이병일 외 3인', '한올', '2018-04-06', 603),
('손에 잡히는 데이터 통신', '임석구', '한빛아카데미', '2021-01-23', 104),
('스포츠케어과(스포츠재활과) 1-1', '김강', '이한출판사', '2011-08-26', 504),
('스포츠케어과(스포츠재활과) 1-2', '이지영', '정보문화사', '2015-08-26', 504),
('스포츠케어과(스포츠재활과) 2-1', '천인국', '한빛미디어', '2018-08-26', 504),
('스포츠케어과(스포츠재활과) 2-2', '하상호', '길벗', '2019-08-26', 504),
('시각디자인과 1-1', '김강', '이한출판사', '2011-08-26', 304),
('시각디자인과 1-2', '이지영', '정보문화사', '2015-08-26', 304),
('시각디자인과 2-1', '천인국', '한빛미디어', '2018-08-26', 304),
('시각디자인과 2-2', '하상호', '길벗', '2019-08-26', 304),
('시스템 분석과 설계', '허원실', '한빛아카데미', '2015-11-30', 104),
('식품영양학과 1-1', '김강', '이한출판사', '2011-08-26', 502),
('식품영양학과 1-2', '이지영', '정보문화사', '2015-08-26', 502),
('식품영양학과 2-1', '천인국', '한빛미디어', '2018-08-26', 502),
('식품영양학과 2-2', '하상호', '길벗', '2019-08-26', 502),
('식품영양학과 3-1', '최범균', '생능출판사', '2020-08-26', 502),
('식품영양학과 3-2', '강윤석', '한빛아카데미', '2018-08-26', 502),
('식품영양학과 심화 1', '김강', '이한출판사', '2011-08-26', 705),
('식품영양학과 심화 2', '이지영', '정보문화사', '2015-08-26', 705),
('식품영양학과 심화 3', '천인국', '한빛미디어', '2018-08-26', 705),
('식품영양학과 심화 4', '하상호', '길벗', '2019-08-26', 705),
('식품영양학과 심화 5', '최범균', '생능출판사', '2020-08-26', 705),
('식품영양학과 심화 6', '강윤석', '한빛아카데미', '2018-08-26', 705),
('실내건축과 1-1', '김강', '한빛미디어', '2016-06-10', 202),
('실내건축과 1-2', '김강', '이한출판사', '2014-08-08', 202),
('실내건축과 2-1', '하상호', '한빛미디어', '2014-07-11', 202),
('실내건축과 2-2', '김두한', '한빛미디어', '2014-05-14', 202),
('실내건축과 3-1', '김강', '한빛미디어', '2021-05-24', 202),
('실내건축과 3-2', '김강', '생능출판사', '2013-05-09', 202),
('실내건축학과  2', '이지영', '정보문화사', '2015-08-26', 703),
('실내건축학과 1', '김강', '이한출판사', '2011-08-26', 703),
('실내건축학과 3', '천인국', '한빛미디어', '2018-08-26', 703),
('실내건축학과 4', '하상호', '길벗', '2019-08-26', 703),
('실내건축학과 5', '최범균', '생능출판사', '2020-08-26', 703),
('실내건축학과 6', '강윤석', '한빛아카데미', '2018-08-26', 703),
('아동보육과(사회복지과 아돔심리보육전공) 1-1', '김강', '이한출판사', '2011-08-26', 507),
('아동보육과(사회복지과 아돔심리보육전공) 1-2', '이지영', '정보문화사', '2015-08-26', 507),
('아동보육과(사회복지과 아돔심리보육전공) 2-1', '천인국', '한빛미디어', '2018-08-26', 507),
('아동보육과(사회복지과 아돔심리보육전공) 2-2', '하상호', '길벗', '2019-08-26', 507),
('아두이노 기초와 응용', '김상원 외', '일진사', '2019-07-08', 103),
('알기 쉬운 재무관리(제2판)', '이선표', '어울림', '2021-06-16', 403),
('영상콘텐츠과 1-1', '김강', '이한출판사', '2011-08-26', 303),
('영상콘텐츠과 1-2', '이지영', '정보문화사', '2015-08-26', 303),
('영상콘텐츠과 2-1', '최범균', '생능출판사', '2020-08-26', 303),
('영상콘텐츠과 2-2', '강윤석', '한빛아카데미', '2018-08-26', 303),
('원가회계 제 4판', '박태영', '신영사', '2021-07-11', 403),
('웹툰만화콘텐츠과 1-1', '천인국', '한빛미디어', '2018-08-26', 302),
('웹툰만화콘텐츠과 1-2', '김강', '이한출판사', '2011-08-26', 302),
('유아교육과 1-1', '김강', '이한출판사', '2011-08-26', 508),
('유아교육과 1-2', '이지영', '정보문화사', '2015-08-26', 508),
('유아교육과 2-1', '천인국', '한빛미디어', '2018-08-26', 508),
('유아교육과 2-2', '하상호', '길벗', '2019-08-26', 508),
('유아교육과 3-1', '최범균', '생능출판사', '2020-08-26', 508),
('유아교육과 3-2', '강윤석', '한빛아카데미', '2018-08-26', 508),
('유아교육학과 1', '김강', '이한출판사', '2011-08-26', 708),
('유아교육학과 2', '이지영', '정보문화사', '2015-08-26', 708),
('유아교육학과 3', '천인국', '한빛미디어', '2018-08-26', 708),
('유아교육학과 4', '하상호', '길벗', '2019-08-26', 708),
('유아교육학과 5', '최범균', '생능출판사', '2020-08-26', 708),
('유아교육학과 6', '강윤석', '한빛아카데미', '2018-08-26', 708),
('유아특수재활과 1-1', '김강', '이한출판사', '2011-08-26', 505),
('유아특수재활과 1-2', '이지영', '정보문화사', '2015-08-26', 505),
('유아특수재활과 2-1', '천인국', '한빛미디어', '2018-08-26', 505),
('유아특수재활과 2-2', '하상호', '길벗', '2019-08-26', 505),
('유아특수재활과 3-1', '최범균', '생능출판사', '2020-08-26', 505),
('유아특수재활과 3-2', '강윤석', '한빛아카데미', '2018-08-26', 505),
('전기기사 산업기사 실기(2022)', '검정연구회', '동일출판사', '2022-01-22', 103),
('전원 및 간선 설비설계', '최홍규 외4명', '성안당', '2018-06-19', 103),
('전자회로', '장학신', '광문각', '2008-01-17', 101),
('전자회로응용실습', '최영선', '광문각', '2017-08-17', 101),
('정보통신과 2020 1-1', '연성대학교', '연성대학교 정보통신과', '2020-02-27', 102),
('정보통신과 2020 2-1', '연성대학교', '연성대학교 정보통신과', '2020-02-27', 102),
('정보통신과 2020 3-1', '연성대학교', '연성대학교 정보통신과', '2020-02-27', 102),
('정보통신과 2022 1-1', '연성대학교', '연성대학교 정보통신과', '2022-01-22', 102),
('정보통신과 2022 2-1', '연성대학교', '연성대학교 정보통신과', '2022-01-22', 102),
('정보통신과 2022 3-1', '연성대학교', '연성대학교 정보통신과', '2022-01-22', 102),
('정보통신과 유인물', '연성대학교', '연성대학교 정보통신과', '2021-01-23', 102),
('조세법개론(2022)', '박석진', '도서출판 원', '2022-01-12', 403),
('중국어뱅크 북경대학 신 한어구어 5', '이해연 외 2명', '동양북스', '2017-03-26', 603),
('최신 전원 및 간선 설비 설계', '최홍규 외7인', '성안당', '2018-01-11', 103),
('최신정보전송공학', '박승환 외', '21세기사', '2011-05-13', 102),
('컴퓨터구조론 개정5판', '김종현', '생능출판', '2019-10-01', 102),
('컴퓨터소프트웨어학과 1', '김강', '이한출판사', '2011-08-26', 701),
('컴퓨터소프트웨어학과 2', '이지영', '정보문화사', '2015-08-26', 701),
('컴퓨터소프트웨어학과 3', '천인국', '한빛미디어', '2018-08-26', 701),
('컴퓨터소프트웨어학과 4', '하상호', '길벗', '2019-08-26', 701),
('컴퓨터소프트웨어학과 5', '최범균', '생능출판사', '2020-08-26', 701),
('컴퓨터소프트웨어학과 6', '강윤석', '한빛아카데미', '2018-08-26', 701),
('토목환경과 1-1', '김강', '한빛미디어', '2021-05-24', 203),
('토목환경과 1-2', '김강', '한빛미디어', '2021-05-24', 203),
('토목환경과 2-1', '김강', '한빛미디어', '2021-05-24', 203),
('토목환경과 2-2', '김강', '한빛미디어', '2021-05-24', 203),
('토익단기공략 650+', 'ETS', 'YBM', '2020-04-26', 602),
('토익단기공략750+', 'ETS', 'YBM', '2020-04-26', 602),
('통합건축ICT 마이스터석사과정 1', '김강', '이한출판사', '2011-08-26', 704),
('통합건축ICT 마이스터석사과정 2', '이지영', '정보문화사', '2015-08-26', 704),
('통합건축ICT 마이스터석사과정 3', '천인국', '한빛미디어', '2018-08-26', 704),
('통합건축ICT 마이스터석사과정 4', '하상호', '길벗', '2019-08-26', 704),
('통합건축ICT 마이스터석사과정 5', '최범균', '생능출판사', '2020-08-26', 704),
('통합건축ICT 마이스터석사과정 6', '강윤석', '한빛아카데미', '2018-08-26', 704),
('패션디자인비즈니스과 1-1', '', '한빛미디어', '2021-05-24', 204),
('패션디자인비즈니스과 1-2', '김강', '한빛미디어', '2021-05-24', 204),
('패션디자인비즈니스과 2-1', '김강', '한빛미디어', '2021-05-24', 204),
('패션디자인비즈니스과 2-2', '김강', '한빛미디어', '2021-05-24', 204),
('패션디자인비즈니스과 3-1', '김강', '한빛미디어', '2021-05-24', 204),
('패션디자인비즈니스과 3-2', '김강', '한빛미디어', '2021-05-24', 204),
('포인트전산회계 2급', '이성노', '경영과회계', '2020-08-26', 403),
('하둡과 스파크를 활용한 실용 데이터 과학', '오퍼 멘델리비치', '길벗', '2017-09-11', 104),
('한국관광지리', '안종수', '백산', '2009-08-26', 603),
('항공서비스과 1-1', '김강', '이한출판사', '2011-08-26', 601),
('항공서비스과 1-2', '이지영', '정보문화사', '2015-08-26', 601),
('항공서비스과 2-1', '천인국', '한빛미디어', '2018-08-26', 601),
('항공서비스과 2-2', '하상호', '길벗', '2019-08-26', 601),
('항공서비스학과 1', '김강', '이한출판사', '2011-08-26', 709),
('항공서비스학과 2', '이지영', '정보문화사', '2015-08-26', 709),
('항공서비스학과 3', '천인국', '한빛미디어', '2018-08-26', 709),
('항공서비스학과 4', '하상호', '길벗', '2019-08-26', 709),
('항공서비스학과 5', '최범균', '생능출판사', '2020-08-26', 709),
('항공서비스학과 6', '강윤석', '한빛아카데미', '2018-08-26', 709),
('핵심이 보이는 전자회로 실험 with PSPICE', '신경욱', '한빛아카데미', '2019-07-21', 102),
('호텔외식경영학과 1', '김강', '이한출판사', '2011-08-26', 711),
('호텔외식경영학과 2', '이지영', '정보문화사', '2015-08-26', 711),
('호텔외식경영학과 3', '천인국', '한빛미디어', '2018-08-26', 711),
('호텔외식경영학과 4', '하상호', '길벗', '2019-08-26', 711),
('호텔외식경영학과 5', '최범균', '생능출판사', '2020-08-26', 711),
('호텔외식경영학과 6', '강윤석', '한빛아카데미', '2018-08-26', 711),
('호텔외식조리과 카페·베이커리전공 1-1', '김강', '이한출판사', '2011-08-26', 606),
('호텔외식조리과 카페·베이커리전공 1-2', '이지영', '정보문화사', '2015-08-26', 606),
('호텔외식조리과 호텔외식경영전공 1-1', '김강', '이한출판사', '2011-08-26', 607),
('호텔외식조리과 호텔외식경영전공 1-2', '이지영', '정보문화사', '2015-08-26', 607),
('호텔외식조리과 호텔외식경영전공 2-1', '천인국', '한빛미디어', '2018-08-26', 607),
('호텔외식조리과 호텔외식경영전공 2-2', '하상호', '길벗', '2019-08-26', 607),
('호텔외식조리과 호텔조리전공 1-1', '김강', '이한출판사', '2011-08-26', 605),
('호텔외식조리과 호텔조리전공 1-2', '이지영', '정보문화사', '2015-08-26', 605),
('호텔외식조리과 호텔조리전공 2-1', '천인국', '한빛미디어', '2018-08-26', 605),
('호텔외식조리과 호텔조리전공 2-2', '하상호', '길벗', '2019-08-26', 605),
('회계의 이해 제5판', '이수로', '신영사', '2019-05-01', 403),
('회로이론 Express', '김동식', '생능출판사', '2014-12-29', 101),
('회로이론(2019)', '검정연구회', '동일출판사', '2018-08-13', 103);

-- --------------------------------------------------------

--
-- 테이블 구조 `department`
--

CREATE TABLE `department` (
  `department_id` int NOT NULL,
  `d_name` varchar(30) CHARACTER SET utf8mb4 COLLATE utf8mb4_0900_ai_ci DEFAULT NULL
) ENGINE=InnoDB DEFAULT CHARSET=utf8mb4 COLLATE=utf8mb4_0900_ai_ci;

--
-- 테이블의 덤프 데이터 `department`
--

INSERT INTO `department` (`department_id`, `d_name`) VALUES
(101, '디지털전자과'),
(102, '정보통신과'),
(103, '전기과'),
(104, '컴퓨터소프트웨어과'),
(201, '건축과'),
(202, '실내건축과'),
(203, '토목환경과'),
(204, '패션디자인비즈니스과'),
(205, '뷰디스타일리스트과 헤어디자인전공'),
(206, '뷰티스타일리스트과 메이크업전공'),
(207, '뷰티스타일리스트과 스킨케어전공'),
(301, '게임콘텐츠과'),
(302, '웹툰만화콘텐츠과'),
(303, '영상콘텐츠과'),
(304, '시각디자인과'),
(305, 'K-POP과'),
(401, '유통물류과'),
(402, '경영학과'),
(403, '세무회계과'),
(404, '군사학과'),
(405, '경찰경호보안과'),
(501, '보건의료행정과'),
(502, '식품영양학과'),
(503, '반려동물과'),
(504, '스포츠케어과(스포츠재활과)'),
(505, '유아특수재활과'),
(506, '사회복지과(사회복지과 사회복지전공)'),
(507, '아동보육과(사회복지과 아동심리보육전공)'),
(508, '유아교육과'),
(601, '항공서비스과'),
(602, '관광과 관광영어전공'),
(603, '관광과 관광중국어전공'),
(604, '관광과 호텔관광전공'),
(605, '호텔외식조리과 호텔조리전공'),
(606, '호텔외식조리과 카페·베이커리전공'),
(607, '호텔외식조리과 호텔외식경영전공'),
(701, '컴퓨터소프트웨어학과'),
(702, '건축학과'),
(703, '실내건축학과'),
(704, '통합건축ICT 마이스터석사과정'),
(705, '식품영양학과'),
(706, '보건의료행정학과'),
(707, '경영학과'),
(708, '유아교육학과'),
(709, '항공서비스학과'),
(710, '사회복지학과'),
(711, '호텔외식경영학과'),
(10000, '관리자');

-- --------------------------------------------------------

--
-- 테이블 구조 `donation`
--

CREATE TABLE `donation` (
  `d_number` int NOT NULL,
  `s_id` varchar(20) DEFAULT NULL,
  `book_name` varchar(50) CHARACTER SET utf8mb4 COLLATE utf8mb4_0900_ai_ci DEFAULT NULL,
  `book_num` int DEFAULT NULL,
  `writer` varchar(10) DEFAULT NULL,
  `publisher` varchar(20) DEFAULT NULL,
  `date` date DEFAULT NULL,
  `department_id` int DEFAULT NULL,
  `p_date` date DEFAULT NULL,
  `status` char(1) CHARACTER SET utf8mb4 COLLATE utf8mb4_0900_ai_ci DEFAULT NULL
) ENGINE=InnoDB DEFAULT CHARSET=utf8mb4 COLLATE=utf8mb4_0900_ai_ci;

-- --------------------------------------------------------

--
-- 테이블 구조 `donation_check`
--

CREATE TABLE `donation_check` (
  `s_id` varchar(20) NOT NULL,
  `r_increase` int DEFAULT NULL,
  `r_aval` int DEFAULT NULL
) ENGINE=InnoDB DEFAULT CHARSET=utf8mb4 COLLATE=utf8mb4_0900_ai_ci;

--
-- 테이블의 덤프 데이터 `donation_check`
--

INSERT INTO `donation_check` (`s_id`, `r_increase`, `r_aval`) VALUES
('2015100000', 0, 1),
('2017100262', 0, 1),
('2018100291', 0, 1),
('2020100311', 0, 1);

-- --------------------------------------------------------

--
-- 테이블 구조 `reservation`
--

CREATE TABLE `reservation` (
  `number` int NOT NULL,
  `s_id` varchar(20) DEFAULT NULL,
  `b_id` int DEFAULT NULL,
  `status` char(1) CHARACTER SET utf8mb4 COLLATE utf8mb4_0900_ai_ci DEFAULT NULL,
  `r_info` int DEFAULT NULL
) ENGINE=InnoDB DEFAULT CHARSET=utf8mb4 COLLATE=utf8mb4_0900_ai_ci;

-- --------------------------------------------------------

--
-- 테이블 구조 `round`
--

CREATE TABLE `round` (
  `r_info` int NOT NULL,
  `start_date` date NOT NULL,
  `end_date` date NOT NULL,
  `status` varchar(1) NOT NULL
) ENGINE=InnoDB DEFAULT CHARSET=utf8mb4 COLLATE=utf8mb4_0900_ai_ci;

--
-- 테이블의 덤프 데이터 `round`
--

INSERT INTO `round` (`r_info`, `start_date`, `end_date`, `status`) VALUES
(1, '2022-06-01', '2022-06-07', 'F');

-- --------------------------------------------------------

--
-- 테이블 구조 `student`
--

CREATE TABLE `student` (
  `s_id` varchar(20) NOT NULL,
  `pwd` varchar(15) DEFAULT NULL,
  `name` varchar(10) DEFAULT NULL,
  `department_id` int DEFAULT NULL
) ENGINE=InnoDB DEFAULT CHARSET=utf8mb4 COLLATE=utf8mb4_0900_ai_ci;

--
-- 테이블의 덤프 데이터 `student`
--

INSERT INTO `student` (`s_id`, `pwd`, `name`, `department_id`) VALUES
('2015100000', '1111', '홍길동', 104),
('2017100262', '1111', '최준석', 104),
('2018100291', '1234', '최영훈', 104),
('2020100311', '1111', '김정현', 104),
('root', '1234', '관리자', 10000);

-- --------------------------------------------------------

--
-- 테이블 구조 `when_use`
--

CREATE TABLE `when_use` (
  `id` int NOT NULL,
  `book_name` varchar(50) CHARACTER SET utf8mb4 COLLATE utf8mb4_0900_ai_ci DEFAULT NULL,
  `department_id` int DEFAULT NULL,
  `use_date` year NOT NULL,
  `grade` char(1) NOT NULL,
  `semester` char(1) NOT NULL,
  `prof_name` varchar(10) CHARACTER SET utf8mb4 COLLATE utf8mb4_0900_ai_ci NOT NULL,
  `class_name` varchar(15) NOT NULL
) ENGINE=InnoDB DEFAULT CHARSET=utf8mb4 COLLATE=utf8mb4_0900_ai_ci;

--
-- 테이블의 덤프 데이터 `when_use`
--

INSERT INTO `when_use` (`id`, `book_name`, `department_id`, `use_date`, `grade`, `semester`, `prof_name`, `class_name`) VALUES
(1, '전자회로', 101, 2021, '1', '1', '길동선 교수님', '전자공학개론'),
(2, '전자회로응용실습', 101, 2021, '2', '1', '김동하 교수님', '전자회로응용실습'),
(39, '기초전자실험 with PSpice', 102, 2021, '1', '2', '', '기초회로실습'),
(40, '디지털 논리회로', 102, 2021, '1', '1', '', '디지털공학개론'),
(41, '컴퓨터구조론 개정5판', 102, 2021, '2', '1', '', '전자계산기구조'),
(42, '정보통신과 유인물', 102, 2021, '3', '1', '', '통신프로그래밍'),
(43, '최신정보전송공학', 102, 2021, '2', '2', '', '정보전송개론'),
(44, '디지털통신', 102, 2021, '3', '2', '', '디지털통신'),
(45, '디지털전자과 2020 1-1', 101, 2020, '1', '1', '', '디지털전자'),
(46, '디지털전자과 2020 2-1', 101, 2020, '2', '1', '', '디지털전자'),
(47, '디지털전자과 2020 3-1', 101, 2020, '3', '1', '', '디지털전자'),
(48, 'VHDL실습', 101, 2021, '3', '1', '', 'ASIC설계기초실습'),
(49, 'C언어로 배우는 마이크로컨트롤러', 101, 2020, '2', '2', '', '마이컴응용실습'),
(50, '회로이론 Express', 101, 2020, '1', '2', '', '회로이론응용'),
(51, 'AutoCAD', 101, 2020, '3', '2', '', 'AutoCAD'),
(52, '회로이론 Express', 101, 2021, '1', '2', '', '회로이론응용'),
(53, '전자회로응용실습', 101, 2021, '2', '2', '', '전자통신기기실습'),
(54, '네트워크 개론(3판)', 101, 2021, '3', '2', '', '데이터네트워킹'),
(55, '전자회로', 101, 2022, '2', '1', '', '전자회로응용'),
(56, 'VHDL실습', 101, 2022, '3', '2', '', '주문형반도체 기초실무'),
(57, '디지털회로기초실습', 101, 2022, '1', '1', '', '논리회로기초실습'),
(58, '정보통신과 2020 1-1', 102, 2020, '1', '1', '', '정보통신'),
(59, '정보통신과 2020 2-1', 102, 2020, '2', '1', '', '정보통신'),
(60, '정보통신과 2020 3-1', 102, 2020, '3', '1', '', '정보통신'),
(61, '핵심이 보이는 전자회로 실험 with PSPICE', 102, 2020, '1', '2', '', '전자회로실습'),
(62, '개념으로 이해하는 전자기학', 102, 2020, '2', '2', '', '전자기학'),
(63, '네트워크 해킹과 보안', 102, 2020, '3', '2', '', '네트워크보안'),
(64, '정보통신과 2022 1-1', 102, 2022, '1', '1', '', '정보통신'),
(65, '정보통신과 2022 2-1', 102, 2022, '2', '1', '', '정보통신'),
(66, '정보통신과 2022 3-1', 102, 2020, '3', '1', '', '정보통신'),
(67, '2020회로이론', 103, 2020, '1', '1', '', '회로이론 1'),
(68, 'C언어 Express', 103, 2020, '2', '1', '', '전기프로그래밍언어 1'),
(69, '전원 및 간선 설비설계', 103, 2020, '3', '1', '', '전기설비실무1'),
(70, '디지털논리설계', 103, 2020, '1', '2', '', '디지털공학'),
(71, '회로이론(2019)', 103, 2020, '2', '2', '', '회로이론2'),
(72, '아두이노 기초와 응용', 103, 2020, '3', '2', '', '제어기기실습'),
(73, '디지털논리설계', 103, 2021, '1', '1', '', '디지털공학'),
(74, '회로이론(2019)', 103, 2021, '2', '1', '', '회로망'),
(75, '아두이노 기초와 응용', 103, 2021, '3', '1', '', '제어기기실무'),
(76, '회로이론(2019)', 103, 2021, '1', '2', '', '회로이론2'),
(77, 'C언어 Express', 103, 2021, '2', '2', '', '전기프로그래밍언어2'),
(78, '최신 전원 및 간선 설비 설계', 103, 2021, '3', '2', '', '전기설비실무2'),
(79, '2022 회로이론', 103, 2022, '1', '1', '', '회로이론1'),
(80, '2022 전력공학', 103, 2022, '2', '1', '', '회로망'),
(81, '전기기사 산업기사 실기(2022)', 103, 2022, '3', '1', '', '전기설비설계'),
(82, 'Core C Programming 2nd ED', 104, 2021, '1', '1', '우호진 교수님', 'C언어 입문'),
(83, '두근두근 파이썬', 104, 2020, '1', '1', '이광호 교수님', '파이썬'),
(84, 'SQL Server로 배우는 데이터베이스 개론과 실습', 104, 2021, '2', '1', '이현호 교수님', 'DB설계'),
(85, 'C로 배우는 쉬운 자료구조', 104, 2020, '2', '1', '김지영 교수님', '자료구조'),
(86, '손에 잡히는 데이터 통신', 104, 2021, '3', '1', '이용관 교수님', '정보통신실무'),
(87, 'C Warming up Programming', 104, 2020, '3', '1', '김형철 교수님', '기업C언어 실무'),
(88, '명품 Java Programming', 104, 2021, '1', '2', '최영수 교수님', '객체지향언어'),
(89, 'Head First DB/SQL', 104, 2020, '1', '2', '이광호 교수님', 'DB/SQL'),
(90, 'XML 프로그래밍', 104, 2020, '2', '2', '김형철 교수님', 'XML'),
(91, '따라하며 배우는 파이썬과 데이터 과학', 104, 2021, '2', '2', '김지영 교수님', '윈도우즈 프로그래밍2'),
(92, '하둡과 스파크를 활용한 실용 데이터 과학', 104, 2020, '3', '2', '우호진 교수님', '빅데이터구축실무'),
(93, '모바일 시대의 정보보안개론', 104, 2021, '3', '2', '이용관 교수님', '컴퓨터보안'),
(94, 'Core C Programming 2nd ED', 104, 2022, '1', '1', '김진배 교수님', 'C언어 입문'),
(95, '명품 Java Programming', 104, 2022, '2', '1', '양선옥 교수님', '객체지향프로그래밍'),
(96, '손에 잡히는 데이터 통신', 104, 2022, '3', '1', '최영수 교수님', '정보통신실무'),
(97, '경영학', 401, 2020, '1', '1', '김준태 교수님', '경영학원론'),
(98, 'ITQ 한글 2010(2020)', 401, 2021, '1', '1', '김규상 교수님', '컴퓨터활용'),
(99, '마케팅원론', 401, 2022, '1', '1', '장병돈 교수님', '마케팅원론'),
(100, '든든한 엑셀 2016', 401, 2020, '2', '1', '김규상 교수님', '경영정보처리'),
(101, '4차 산업혁명시대의 스마트창업경영', 401, 2021, '2', '1', '김동석 교수님', '창업경영론'),
(102, '물류 기업 실무자를 위한 화물운송론', 401, 2022, '2', '1', '김준태 교수님', '화물운송'),
(103, '보관하역론', 401, 2020, '1', '2', '김성희 교수님', '보관하역'),
(104, 'IFRS 회계원리(제3판)', 401, 2021, '1', '2', '김성희 교수님', '회계원리'),
(105, '상권분석론(개정판)', 401, 2022, '1', '2', '장병돈 교수님', '상권분석'),
(106, '2021 에듀윌 ERP 정보관리사 물류 2급', 401, 2020, '2', '2', '강준모 교수님', 'ERP물류 및 영업관리'),
(107, '매장관리론', 401, 2021, '2', '2', '강준모 교수님', '매장관리'),
(108, '2021 이기적 ITQ 엑세스(ver.2016년)', 401, 2022, '2', '2', '김규상 교수님', '유통정보분석'),
(109, '건축과 1-1', 201, 2020, '1', '1', '', '건축의장'),
(110, '건축과 2-1', 201, 2020, '2', '1', '', '건축사'),
(111, '건축과 3-1', 201, 2020, '3', '1', '', 'BIM1'),
(112, '건축과 1-2', 201, 2020, '1', '2', '', '구조시공실습'),
(113, '건축과  2-2', 201, 2020, '2', '2', '', '건축사'),
(114, '건축과 3-2', 201, 2020, '3', '2', '', '공정관리'),
(115, '건축과 1-1', 201, 2021, '1', '1', '', '건축제도'),
(116, '건축과 2-1', 201, 2021, '2', '1', '', '건축사'),
(117, '건축과 3-1', 201, 2021, '3', '1', '', '공정관리'),
(118, '건축과 1-2', 201, 2021, '1', '2', '', '재료디자인'),
(119, '건축과  2-2', 201, 2021, '2', '2', '', '구조시공실습'),
(120, '건축과 3-2', 201, 2021, '3', '2', '', '건축설비'),
(121, '건축과 1-1', 201, 2022, '1', '1', '', '기초CAD'),
(122, '건축과 2-1', 201, 2022, '2', '1', '', '건축법규1'),
(123, '건축과 3-1', 201, 2022, '3', '1', '', '프로젝트설계'),
(124, '실내건축과 1-1', 202, 2020, '1', '1', '', 'CAD'),
(125, '실내건축과 2-1', 202, 2020, '2', '1', '', '시공및실습'),
(126, '실내건축과 1-2', 202, 2020, '1', '2', '', '실내건축기초제도'),
(127, '실내건축과 2-2', 202, 2020, '2', '2', '', '컴퓨터그래픽2'),
(128, '실내건축과 3-1', 202, 2020, '3', '1', '', '상업공간스튜디오'),
(129, '실내건축과 3-2', 202, 2020, '3', '2', '', '가구디자인'),
(130, '실내건축과 1-1', 202, 2021, '1', '1', '', '색체디자인'),
(131, '실내건축과 2-1', 202, 2021, '2', '1', '', '투시도및칼라링'),
(132, '실내건축과 3-1', 202, 2021, '3', '1', '', '스마트 스페이스'),
(133, '실내건축과 1-2', 202, 2021, '1', '2', '', '일반구조'),
(134, '실내건축과 2-2', 202, 2021, '2', '2', '', '시공및실습'),
(135, '실내건축과 3-2', 202, 2021, '3', '2', '', 'INPM'),
(136, '실내건축과 1-1', 202, 2022, '1', '1', '', 'CAD'),
(137, '실내건축과 2-1', 202, 2022, '2', '1', '', '주거공간모형제작'),
(138, '실내건축과 3-1', 202, 2022, '3', '1', '', '스마트 BIM'),
(139, '토목환경과 1-1', 203, 2020, '1', '1', '', '설계 전산 기초'),
(140, '토목환경과 2-1', 203, 2020, '2', '1', '', '전산도면작성2'),
(141, '토목환경과 1-2', 203, 2020, '1', '2', '', '응용역학2'),
(142, '토목환경과 2-2', 203, 2020, '2', '2', '', '구조물설계2'),
(143, '토목환경과 1-1', 203, 2021, '1', '1', '', '대학생활과 자기개발'),
(144, '토목환경과 1-2', 203, 2021, '1', '2', '', '수리학2'),
(145, '토목환경과 2-1', 203, 2021, '2', '1', '', '하수도설계'),
(146, '토목환경과 2-2', 203, 2021, '2', '2', '', '단지계획측량'),
(147, '토목환경과 1-1', 203, 2022, '1', '1', '', '지반 공학1'),
(148, '토목환경과 2-1', 203, 2022, '2', '1', '', '토목 시공 및 창업'),
(149, '패션디자인비즈니스과 1-1', 204, 2020, '1', '1', '', '패션 상품 리서치'),
(150, '패션디자인비즈니스과 1-2', 204, 2020, '1', '2', '', '디지털패션1'),
(151, '패션디자인비즈니스과 2-1', 204, 2020, '2', '1', '', '패션 CAD2'),
(152, '패션디자인비즈니스과 2-2', 204, 2020, '2', '2', '', '창업미디어컨텐츠'),
(153, '패션디자인비즈니스과 3-1', 204, 2020, '3', '1', '', '캡스톤 디자인'),
(154, '패션디자인비즈니스과 3-2', 204, 2020, '3', '2', '', '의류상품스튜디오2'),
(155, '패션디자인비즈니스과 1-1', 204, 2021, '1', '1', '', '의류소재'),
(156, '패션디자인비즈니스과 1-2', 204, 2021, '1', '2', '', '디지털패션2'),
(157, '패션디자인비즈니스과 2-1', 204, 2021, '2', '1', '', 'e커미스실무'),
(158, '패션디자인비즈니스과 2-2', 204, 2021, '2', '2', '', '산업실무외국어2'),
(159, '패션디자인비즈니스과 3-1', 204, 2021, '3', '1', '', '패션디자인스튜디오'),
(160, '패션디자인비즈니스과 3-2', 204, 2021, '3', '2', '', '어패럴생산관리2'),
(161, '패션디자인비즈니스과 1-1', 204, 2022, '1', '1', '', '평면패턴기초'),
(162, '패션디자인비즈니스과 2-1', 204, 2022, '2', '1', '', '의복구성2'),
(163, '패션디자인비즈니스과 3-1', 204, 2022, '3', '1', '', '실무 컴퓨터 활용'),
(164, '뷰티스타일리스트과 헤어디자인전공 1-1', 205, 2020, '1', '1', '', '베이직 헤어커트'),
(165, '뷰티스타일리스트과 헤어디자인전공 1-2', 205, 2020, '1', '2', '', '글쓰기와 말하기'),
(166, '뷰티스타일리스트과 헤어디자인전공 2-1', 205, 2020, '2', '1', '', '응용헤어컬러아트'),
(167, '뷰티스타일리스트과 헤어디자인전공 2-2', 205, 2020, '2', '2', '', '헤어조형아트'),
(168, '뷰티스타일리스트과 헤어디자인전공 1-1', 205, 2021, '1', '1', '', '베이직 헤어컬러'),
(169, '뷰티스타일리스트과 헤어디자인전공 1-2', 205, 2021, '1', '2', '', '베이직 퍼머넌트'),
(170, '뷰티스타일리스트과 헤어디자인전공 2-1', 205, 2021, '2', '1', '', '메이크업기초'),
(171, '뷰티스타일리스트과 헤어디자인전공 2-2', 205, 2021, '2', '2', '', '남성트렌트커트'),
(172, '뷰티스타일리스트과 헤어디자인전공 1-1', 205, 2022, '1', '1', '', '두피모발케어'),
(173, '뷰티스타일리스트과 헤어디자인전공 2-1', 205, 2022, '2', '1', '', '디지털뷰티콘텐츠'),
(174, '뷰티스타일리스트과 메이크업전공 1-1', 206, 2020, '1', '1', '', '무대분장'),
(175, '뷰티스타일리스트과 메이크업전공 1-2', 206, 2020, '1', '2', '', '디지털 뷰티'),
(176, '뷰티스타일리스트과 메이크업전공 2-1', 206, 2020, '2', '1', '', '특수분장'),
(177, '뷰티스타일리스트과 메이크업전공 2-2', 206, 2020, '2', '2', '', '이미지메이킹'),
(178, '뷰티스타일리스트과 메이크업전공 1-1', 206, 2021, '1', '1', '', '뷰티케어'),
(179, '뷰티스타일리스트과 메이크업전공 1-2', 206, 2021, '1', '2', '', '색채학'),
(180, '뷰티스타일리스트과 메이크업전공 2-1', 206, 2021, '2', '1', '', '히스토리메이크업'),
(181, '뷰티스타일리스트과 메이크업전공 2-2', 206, 2021, '2', '2', '', 'AR브랜드이미지'),
(182, '뷰티스타일리스트과 메이크업전공 1-1', 206, 2022, '1', '1', '', '뷰티일러스트레이션'),
(183, '뷰티스타일리스트과 메이크업전공 2-1', 206, 2022, '2', '1', '', '미디어메이크업'),
(184, '뷰티스타일리스트과 스킨케어전공 1-1', 207, 2020, '1', '1', '', '공중위생관리'),
(185, '뷰티스타일리스트과 스킨케어전공 1-2', 207, 2020, '1', '2', '', '피부과학'),
(186, '뷰티스타일리스트과 스킨케어전공 2-1', 207, 2020, '2', '1', '', '에스테틱임상세미나'),
(187, '뷰티스타일리스트과 스킨케어전공 2-2', 207, 2020, '2', '2', '', '에스테틱살롱트리트먼트'),
(188, '뷰티스타일리스트과 스킨케어전공 1-1', 207, 2021, '1', '1', '', '글쓰기와 말하기'),
(189, '뷰티스타일리스트과 스킨케어전공 1-2', 207, 2021, '1', '2', '', '기초얼굴관리'),
(190, '뷰티스타일리스트과 스킨케어전공 2-1', 207, 2021, '2', '1', '', '메디컬스킨케어'),
(191, '뷰티스타일리스트과 스킨케어전공 2-2', 207, 2021, '2', '2', '', '메디컬스캘프케어'),
(192, '뷰티스타일리스트과 스킨케어전공 1-1', 207, 2022, '1', '1', '', '림프드레나쥐'),
(193, '뷰티스타일리스트과 스킨케어전공 2-1', 207, 2022, '2', '1', '', '메디코디네이터'),
(194, '게임콘텐츠과 1-1', 301, 2020, '1', '1', '', '게임드로잉'),
(195, '게임콘텐츠과 1-2', 301, 2020, '1', '2', '', '게임기초프로그래밍'),
(196, '게임콘텐츠과 2-1', 301, 2020, '2', '1', '', '게임시스템기획'),
(197, '게임콘텐츠과 2-2', 301, 2020, '2', '2', '', '게임요소기획'),
(198, '게임콘텐츠과 1-1', 301, 2021, '1', '1', '', '코딩창의실습'),
(199, '게임콘텐츠과 1-2', 301, 2021, '1', '2', '', '글쓰기와말하기'),
(200, '게임콘텐츠과 2-1', 301, 2021, '2', '1', '', '2D게임프로그래밍'),
(201, '게임콘텐츠과 2-2', 301, 2021, '2', '2', '', '게임콘셉아트'),
(202, '게임콘텐츠과 1-1', 301, 2022, '1', '1', '', '게임기초이론'),
(203, '게임콘텐츠과 2-1', 301, 2022, '2', '1', '', '게임데이터베이스프로그래밍'),
(204, '웹툰만화콘텐츠과 1-1', 302, 2020, '1', '1', '김정영 교수님', '대학생활'),
(205, '웹툰만화콘텐츠과 1-2', 302, 2020, '1', '2', '김정영 교수님', '인체드로잉'),
(206, '웹툰만화콘텐츠과 1-1', 302, 2021, '1', '1', '박성희 교수님', '웹툰만화의이해'),
(207, '웹툰만화콘텐츠과 1-2', 302, 2021, '1', '2', '김약수 교수님', '스토리텔링'),
(208, '웹툰만화콘텐츠과 1-1', 302, 2022, '1', '1', '강민석 교수님', '디지털툴1'),
(209, '영상콘텐츠과 1-1', 303, 2020, '1', '1', '김성근 교수님', '콘텐츠구성이해'),
(210, '영상콘텐츠과 1-2', 303, 2020, '1', '2', '박경목 교수님', '연기와 연출'),
(211, '영상콘텐츠과 2-1', 303, 2020, '2', '1', '한기현 교수님', '3D영상제작'),
(212, '영상콘텐츠과 2-2', 303, 2020, '2', '2', '오성식 교수님', '편집효과와후반작업'),
(213, '영상콘텐츠과 1-1', 303, 2021, '1', '1', '송민희 교수님', '디지털이미지제작'),
(214, '영상콘텐츠과 1-2', 303, 2021, '1', '2', '김종윤 교수님', '영상촬영기초'),
(215, '영상콘텐츠과 2-1', 303, 2021, '2', '1', '명효종 교수님', '콘텐츠운영과마케팅'),
(216, '영상콘텐츠과 2-2', 303, 2021, '2', '2', '오성식 교수님', '편집효과와후반작업'),
(217, '영상콘텐츠과 1-1', 303, 2022, '1', '1', '박종엽 교수님', '미디어음악코디네이팅'),
(218, '영상콘텐츠과 2-1', 303, 2022, '2', '1', '홍인선 교수님', '모션이팩츠'),
(219, '시각디자인과 1-1', 304, 2020, '1', '1', '강재신 교수님', '일러스트레이션'),
(220, '시각디자인과 1-2', 304, 2020, '1', '2', '타이포그래피', '안호은 교수님'),
(221, '시각디자인과 2-1', 304, 2020, '2', '1', '신창식 교수님', '모션그래픽'),
(222, '시각디자인과 2-2', 304, 2020, '2', '2', '박경하 교수님', '패키지디자인'),
(223, '시각디자인과 1-1', 304, 2021, '1', '1', '조현호 교수님', '이미지프로세싱1'),
(224, '시각디자인과 1-2', 304, 2021, '1', '2', '민미경 교수님', '일러스트레이션'),
(225, '시각디자인과 2-1', 304, 2021, '2', '1', '백주연 교수님', '광고디자인1'),
(226, '시각디자인과 2-2', 304, 2021, '2', '2', '정희형 교수님', '시각정보디자인'),
(227, '시각디자인과 1-1', 304, 2022, '1', '1', '강명희 교수님', '커뮤니케이션디자인'),
(228, '시각디자인과 2-1', 304, 2022, '2', '1', '위지윤 교수님', '아이덴티티디자인'),
(229, '경영학과 1-1', 402, 2020, '1', '1', '권혁태 교수님', '마케팅원리'),
(230, '경영학과 2-1', 402, 2020, '2', '1', '권혁태 교수님', '경영전략'),
(231, '경영학과 1-2', 402, 2020, '1', '2', '강석재 교수님', '경영학'),
(232, '경영학과 2-2', 402, 2020, '2', '2', '임병권 교수님', '영업관리'),
(233, '경영학과 1-1', 402, 2021, '1', '1', '김재훈 교수님', '회계원리1'),
(234, '경영학과 1-2', 402, 2021, '1', '2', '이종문 교수님', '컴퓨터활용'),
(235, '경영학과 2-1', 402, 2021, '2', '1', '박근영 교수님', '경영정보처리'),
(236, '경영학과 2-2', 402, 2021, '2', '2', '이종문 교수님', '촉진관리'),
(237, '경영학과 1-1', 402, 2022, '1', '1', '박수현 교수님', '경제의 이해'),
(238, '경영학과 2-1', 402, 2022, '2', '1', '송정헌 교수님', '매장 관리'),
(249, '회계의 이해 제5판', 403, 2020, '1', '1', '정재욱 교수님', '부가가치세실무'),
(250, '알기 쉬운 재무관리(제2판)', 403, 2020, '2', '1', '', '재무관리'),
(251, 'LOGIN 세무회계2급(2020)', 403, 2020, '1', '2', '정재욱 교수님', '소득세실무'),
(252, 'NCS학습모듈 활용', 403, 2020, '2', '2', '권귀석 교수님', '경영분석'),
(253, '경영학원론(제4판)', 403, 2021, '1', '1', '강세영 교수님', '경영학원론'),
(254, '국가공인 회계관리 1급 재무회계', 403, 2021, '2', '1', '김경호 교수님', '중급재무회계1'),
(255, '마케팅원론(개정 7판)', 403, 2021, '2', '2', '강세영 교수님', '마케팅과 창업'),
(256, '포인트전산회계 2급', 403, 2021, '1', '2', '김경호 교수님', '전산회계'),
(257, '조세법개론(2022)', 403, 2022, '1', '1', '정재욱 교수님', '조세법개론'),
(258, '원가회계 제 4판', 403, 2022, '2', '1', '김정은 교수님', '원가관리회계'),
(259, '군사학과 1-1', 404, 2020, '1', '1', '신상우 교수님', '국방체육'),
(260, '군사학과 1-2', 404, 2020, '1', '2', '남기봉 교수님', '리더십'),
(261, '군사학과 2-1', 404, 2020, '2', '1', '이광보 교수님', '컴퓨터활용1'),
(262, '군사학과 2-2', 404, 2020, '2', '2', '송해욱 교수님', '군대 윤리'),
(263, '군사학과 1-1', 404, 2021, '1', '1', '베어스 교수님', '실용영어'),
(264, '군사학과 1-2', 404, 2021, '1', '2', '정재극교수님', '임관준비1'),
(265, '군사학과 2-1', 404, 2021, '2', '1', '김태훈 교수님', '무도1'),
(266, '군사학과 2-2', 404, 2021, '2', '2', '송해욱 교수님', '국방체육3'),
(267, '군사학과 1-1', 404, 2022, '1', '1', '이광보 교수님', '사무행정패키지1'),
(268, '군사학과 2-1', 404, 2022, '2', '1', '송해욱 교수님', '인명구조학'),
(269, '경찰경호보안과 1-1', 405, 2020, '1', '1', '김재운 교수님', '형법총론'),
(270, '경찰경호보안과 1-2', 405, 2020, '1', '2', '박왕옥 교수님', '한국사'),
(271, '경찰경호보안과 2-1', 405, 2020, '2', '1', '김재운 교수님', '형사소송법'),
(272, '경찰경호보안과 2-2', 405, 2020, '2', '2', '곽선조 교수님', '행정전산실무'),
(273, '경찰경호보안과 1-1', 405, 2021, '1', '1', '정재극 교수님', '법학개론'),
(274, '경찰경호보안과 1-2', 405, 2021, '1', '2', '공남희 교수님', '서비스비즈니스커뮤니케이션'),
(275, '경찰경호보안과 2-1', 405, 2021, '2', '1', '최필병 교수님', '응급구조학'),
(276, '경찰경호보안과 2-2', 405, 2021, '2', '2', '곽선조 교수님', '경호실무'),
(277, '경찰경호보안과 1-1', 405, 2022, '1', '1', '양덕렬 교수님', '무도'),
(278, '경찰경호보안과 2-1', 405, 2022, '2', '1', '정재극 교수님', '범죄학'),
(279, '보건의료행정과 1-1', 501, 2020, '1', '1', '윤현경 교수님', '병원코디네이터실무'),
(280, '보건의료행정과 1-2', 501, 2020, '1', '2', '유혜원 교수님', '보건의료IT'),
(281, '보건의료행정과 2-1', 501, 2020, '2', '1', '최창호 교수님', '보건통계'),
(282, '보건의료행정과 2-2', 501, 2020, '2', '2', '백서연 교수님', '의무기록정보분석실무'),
(283, '보건의료행정과 3-1', 501, 2020, '3', '1', '이상민 교수님', '의료관계법규'),
(284, '보건의료행정과 3-2', 501, 2020, '3', '2', '배서우 교수님', '의료의질관리'),
(285, '보건의료행정과 1-1', 501, 2021, '1', '1', '송해진 교수님', '의학용어'),
(286, '보건의료행정과 1-2', 501, 2021, '1', '2', '박준기 교수님', '병원경영학'),
(287, '보건의료행정과 2-1', 501, 2021, '2', '1', '유혜원 교수님', '보건의료데이터베이스'),
(288, '보건의료행정과 2-2', 501, 2021, '2', '2', '박주희 교수님', '질병 및 의료행위분류1'),
(289, '보건의료행정과 3-1', 501, 2021, '3', '1', '최창호 교수님', '보건의료통계'),
(290, '보건의료행정과 3-2', 501, 2021, '3', '2', '심길호 교수님', '보건의료세미나'),
(291, '보건의료행정과 1-1', 501, 2022, '1', '1', '백찬은 교수님', '코딩창의실습'),
(292, '보건의료행정과 2-1', 501, 2022, '2', '1', '심길호 교수님', '병원재무회계'),
(293, '보건의료행정과 3-1', 501, 2022, '3', '1', '박주희 교수님', '암등록'),
(294, '식품영양학과 1-1', 502, 2020, '1', '1', '이현옥 교수님', '기초영양학'),
(295, '식품영양학과 1-2', 502, 2020, '1', '2', '오윤재 교수님', '식생활관리학'),
(296, '식품영양학과 2-1', 502, 2020, '2', '1', '윤장호 교수님', '생화학'),
(297, '식품영양학과 2-2', 502, 2020, '2', '2', '이광연 교수님', '식사요법 및 실습'),
(298, '식품영양학과 3-1', 502, 2020, '3', '1', '이연주 교수님', '질병과식사요법'),
(299, '식품영양학과 3-2', 502, 2020, '3', '2', '서계순 교수님', '식품영양정보실무'),
(300, '식품영양학과 1-1', 502, 2021, '1', '1', '김성수 교수님', '한국조리실습1'),
(301, '식품영양학과 1-2', 502, 2021, '1', '2', '이지연 교수님', '식문화사'),
(302, '식품영양학과 2-1', 502, 2021, '2', '1', '김범식 교수님', '식품분석실험'),
(303, '식품영양학과 2-2', 502, 2021, '2', '2', '윤장호 교수님', '위생학특론'),
(304, '식품영양학과 3-1', 502, 2021, '3', '1', '강민정 교수님', '식품위생법규'),
(305, '식품영양학과 3-2', 502, 2021, '3', '2', '한해영 교수님', '지역사회영양학'),
(306, '식품영양학과 1-1', 502, 2022, '1', '1', '현해영 교수님', '푸드아트테라피'),
(307, '식품영양학과 2-1', 502, 2022, '2', '1', '이현옥 교수님', '영양판정'),
(308, '식품영양학과 3-1', 502, 2022, '3', '1', '김범식 교수님', '식품가공및저장학'),
(309, '반려동물과 1-1', 503, 2020, '1', '1', '이왕희 교수님', '동물해부생리'),
(310, '반려동물과 1-2', 503, 2020, '1', '2', '강수민 교수님', '반려동물미용1'),
(311, '반려동물과 2-1', 503, 2020, '2', '1', '허시엽 교수님', '반려견예절교육2'),
(312, '반려동물과 2-2', 503, 2020, '2', '2', '김수연 교수님', '원무행정실습'),
(313, '반려동물과 1-1', 503, 2021, '1', '1', '이동훈 교수님', '동물사료영양'),
(314, '반려동물과 1-2', 503, 2021, '1', '2', '이동훈 교수님', '바이오실험동물'),
(315, '반려동물과 2-1', 503, 2021, '2', '1', '이학범 교수님', '반려동물빅데이터분석통계'),
(316, '반려동물과 2-2', 503, 2021, '2', '2', '이왕희 교수님', '수의내과외과간호'),
(317, '반려동물과 1-1', 503, 2022, '1', '1', '이수정 교수님', '반려동물학'),
(318, '반려동물과 2-1', 503, 2022, '2', '1', '이왕희 교수님', '특수및야생동물'),
(319, '스포츠케어과(스포츠재활과) 1-1', 504, 2020, '1', '1', '정진수 교수님', '뉴스포츠프로그램'),
(320, '스포츠케어과(스포츠재활과) 1-2', 504, 2020, '1', '2', '홍신표 교수님', '수중재활'),
(321, '스포츠케어과(스포츠재활과) 2-1', 504, 2020, '2', '1', '홍신표 교수님', '장애인스포츠지도'),
(322, '스포츠케어과(스포츠재활과) 2-2', 504, 2020, '2', '2', '정진수 교수님', '배드민턴'),
(323, '스포츠케어과(스포츠재활과) 1-1', 504, 2021, '1', '1', '카발레오 교수님', '실용영어'),
(324, '스포츠케어과(스포츠재활과) 2-1', 504, 2021, '2', '1', '송종열 교수님', '아웃도어스포츠'),
(325, '스포츠케어과(스포츠재활과) 1-2', 504, 2021, '1', '2', '손종열 교수님', '골프경기지도'),
(326, '스포츠케어과(스포츠재활과) 2-2', 504, 2021, '2', '2', '홍신표 교수님', '재활마사지 및 테이핑'),
(327, '스포츠케어과(스포츠재활과) 1-1', 504, 2022, '1', '1', '이창현 교수님', '펑셔널 트레이닝'),
(328, '스포츠케어과(스포츠재활과) 2-1', 504, 2022, '2', '1', '최필병 교수님', '운동검사 및 처방'),
(329, '유아특수재활과 1-1', 505, 2020, '1', '1', '변호걸 교수님', '특수교육학개론'),
(330, '유아특수재활과 1-2', 505, 2020, '1', '2', '김응범 교수님', '아동권리와 복지'),
(331, '유아특수재활과 2-1', 505, 2020, '2', '1', '변호걸 교수님', '자원봉사론'),
(332, '유아특수재활과 2-2', 505, 2020, '2', '2', '장규진 교수님', '컴퓨터와 활용'),
(333, '유아특수재활과 3-1', 505, 2020, '3', '1', '이현정 교수님', '언어발달장애'),
(334, '유아특수재활과 3-2', 505, 2020, '3', '2', '김승현 교수님', '보육실습'),
(335, '유아특수재활과 1-1', 505, 2021, '1', '1', '이자화 교수님', '글쓰기와 말하기'),
(336, '유아특수재활과 1-2', 505, 2021, '1', '2', '김미영 교수님', '보육교사론'),
(337, '유아특수재활과 2-1', 505, 2021, '2', '1', '이혜원 교수님', '언어지도'),
(338, '유아특수재활과 2-2', 505, 2021, '2', '2', '김미영 교수님', '아동동작'),
(339, '유아특수재활과 3-1', 505, 2021, '3', '1', '박하늘 교수님', '아동간호학'),
(340, '유아특수재활과 3-2', 505, 2021, '3', '2', '김응범 교수님', '정서장애아교육'),
(341, '유아특수재활과 1-1', 505, 2022, '1', '1', '김수진 교수님', '특수아동의이해'),
(342, '유아특수재활과 2-1', 505, 2022, '2', '1', '김수진 교수님', '아동미술'),
(343, '유아특수재활과 3-1', 505, 2022, '3', '1', '서규원 교수님', '보육기관운영 및 창업'),
(344, '아동보육과(사회복지과 아돔심리보육전공) 1-1', 507, 2020, '1', '1', '유주연 교수님', '대학생활과 자기개발'),
(345, '아동보육과(사회복지과 아돔심리보육전공) 1-2', 507, 2020, '1', '2', '최은정 교수님', '정신건강론'),
(346, '아동보육과(사회복지과 아돔심리보육전공) 2-1', 507, 2020, '2', '1', '유주연 교수님', '놀이지도'),
(347, '아동보육과(사회복지과 아돔심리보육전공) 2-2', 507, 2020, '2', '2', '김승옥 교수님', '아동관찰및행동연구'),
(348, '아동보육과(사회복지과 아돔심리보육전공) 1-1', 507, 2021, '1', '1', '유주연 교수님', '영유아발달'),
(349, '아동보육과(사회복지과 아돔심리보육전공) 1-2', 507, 2021, '1', '2', '유주연 교수님', '사회복지학개론'),
(350, '아동보육과(사회복지과 아돔심리보육전공) 2-1', 507, 2021, '2', '1', '김승옥 교수님', '보육기관운영및창업'),
(351, '아동보육과(사회복지과 아돔심리보육전공) 2-2', 507, 2021, '2', '2', '최아현 교수님', '아동권리와복지'),
(352, '아동보육과(사회복지과 아돔심리보육전공) 1-1', 507, 2022, '1', '1', '김진리 교수님', '아동음악'),
(353, '아동보육과(사회복지과 아돔심리보육전공) 2-1', 507, 2022, '2', '1', '정나나 교수님', '아동과학지도'),
(354, '유아교육과 1-1', 508, 2020, '1', '1', '이은경 교수님', '글쓰기와말하기'),
(355, '유아교육과 1-2', 508, 2020, '1', '2', '방혜경 교수님', '언어지도'),
(356, '유아교육과 2-1', 508, 2020, '2', '1', '이진우 교수님', '아동멀티미디어교육'),
(357, '유아교육과 2-2', 508, 2020, '2', '2', '김지영 교수님', '직장생활과 조직이해'),
(358, '유아교육과 3-1', 508, 2020, '3', '1', '최미영 교수님', '부모교육론'),
(359, '유아교육과 3-2', 508, 2020, '3', '2', '김유화 교수님', '캡스톤디자인'),
(360, '유아교육과 1-1', 508, 2021, '1', '1', '이아름 교수님', '아동음악'),
(361, '유아교육과 1-2', 508, 2021, '1', '2', '김현지 교수님', '교과논리및논술'),
(362, '유아교육과 2-1', 508, 2021, '2', '1', '황청일 교수님', '교육평가'),
(363, '유아교육과 2-2', 508, 2021, '2', '2', '권도희 교수님', '교육심리'),
(364, '유아교육과 3-1', 508, 2021, '3', '1', '임여정 교수님', '아동관찰 및 행동연구'),
(365, '유아교육과 3-2', 508, 2021, '3', '2', '이한영 교수님', '유아교육과정'),
(366, '유아교육과 1-1', 508, 2022, '1', '1', '이아름 교수님', '유아사회교육'),
(367, '유아교육과 2-1', 508, 2022, '2', '1', '오현미 교수님', '교과교재 연구 및 지도법'),
(368, '유아교육과 3-1', 508, 2022, '3', '1', '소경희 교수님', '아동수학지도'),
(369, '항공서비스과 1-1', 601, 2020, '1', '1', '김소영 교수님', 'TOEIC Basic1'),
(370, '항공서비스과 1-2', 601, 2020, '1', '2', '최 식 교수님', '항공운송서비스실무'),
(371, '항공서비스과 2-1', 601, 2020, '2', '1', '양희선 교수님', '기내서비스실무2'),
(372, '항공서비스과 2-2', 601, 2020, '2', '2', '김용태 교수님', '항공면접연습'),
(373, '항공서비스과 1-1', 601, 2021, '1', '1', '윤정아 교수님', '서비스이미지메이킹'),
(374, '항공서비스과 1-2', 601, 2021, '1', '2', '이선주 교수님', '전산실무1'),
(375, '항공서비스과 2-1', 601, 2021, '2', '1', '박지영 교수님', '기내식음료실무'),
(376, '항공서비스과 2-2', 601, 2021, '2', '2', '마근정 교수님', '인터뷰영어'),
(377, '항공서비스과 1-1', 601, 2022, '1', '1', '김은영 교수님', '서비스프레젠테이션스킬'),
(378, '항공서비스과 2-1', 601, 2022, '2', '1', '김원희 교수님', '비행현장실습'),
(379, '토익단기공략 650+', 602, 2022, '1', '1', '신관용 교수님', 'TOEIC L/C1'),
(380, '토익단기공략750+', 602, 2022, '2', '1', '신관용 교수님', 'TOEIC L/C3'),
(381, 'English Conversation for Tour Conductor 1', 602, 2020, '1', '1', '박수현 교수님', '국외여행안내실무회화1'),
(382, 'NCS학습모듈 활용', 602, 2020, '1', '2', '이정희 교수님', '여행준비와출입국실무'),
(383, '관광서비스업 취업 뽀개기', 602, 2020, '2', '1', '이정희 교수님', '관광기업취업가이던스1'),
(384, 'TOPAS CELL CONNECTION', 602, 2020, '2', '2', '고기동 교수님', '항공예약실무'),
(385, 'English Conversation for Tour Conductor 1', 602, 2021, '1', '1', '박수현 교수님', '국외여행안내실무회화1'),
(386, 'NCS학습모듈 활용', 602, 2021, '1', '2', '이정희 교수님', '여행준비와출입국실무'),
(387, '관광서비스업 취업 뽀개기', 602, 2021, '2', '1', '이정희 교수님', '관광기업취업가이던스1'),
(388, 'TOPAS CELL CONNECTION', 602, 2021, '2', '2', '고기동 교수님', '항공예약실무'),
(389, '한국관광지리', 603, 2022, '1', '1', '하진영 교수님', '국내여행안내기초'),
(390, '다락원 중국어 마스터 step3', 603, 2022, '2', '1', '소용훈 교수님', '관광고급중국어실습'),
(391, '세계관광과 문화', 603, 2021, '1', '1', '조윤경 교수님', '여행상품상담실무'),
(392, '다락원 중국어 마스터 step1', 603, 2021, '1', '2', '소단단 교수님', '관광초급중국어'),
(393, '다락원 중국어 마스터 step3', 603, 2021, '2', '1', '소단단 교수님', '관광고급중국어실습'),
(394, '중국어뱅크 북경대학 신 한어구어 5', 603, 2021, '2', '2', '소용훈 교수님', '관광고급중국어실습'),
(395, '세계관광과 문화', 603, 2020, '2', '2', '조윤경 교수님', '여행상품상담실무'),
(396, '다락원 중국어 마스터 step1', 603, 2020, '2', '1', '소단단 교수님', '관광초급중국어'),
(397, '다락원 중국어 마스터 step3', 603, 2020, '1', '2', '소단단 교수님', '관광고급중국어실습'),
(398, '중국어뱅크 북경대학 신 한어구어 5', 603, 2020, '1', '1', '소용훈 교수님', '관광고급중국어실습'),
(399, '관광과 호텔관광전공 1-1', 604, 2022, '1', '1', '고종원 교수님', '관광의 이해'),
(400, '관광과 호텔관광전공 2-1', 604, 2022, '2', '1', '권창희 교수님', '관광상품데이터이해'),
(401, '관광과 호텔관광전공 1-1', 604, 2021, '1', '1', '조정란 교수님', '커피바리스타'),
(402, '관광과 호텔관광전공 1-2', 604, 2021, '1', '2', '이다혜 교수님', 'TOEIC'),
(403, '관광과 호텔관광전공 2-1', 604, 2021, '2', '1', '권희진 교수님', '항공예약실무'),
(404, '관광과 호텔관광전공 2-2', 604, 2021, '2', '2', '염수길 교수님', '연회기획실무'),
(405, '관광과 호텔관광전공 1-1', 604, 2020, '1', '1', '이승재 교수님', '호텔식음료서비스'),
(406, '관광과 호텔관광전공 1-2', 604, 2020, '1', '2', '고은희 교수님', '호텔업무'),
(407, '관광과 호텔관광전공 2-1', 604, 2020, '2', '1', '장준하 교수님', '하우스키핑'),
(408, '관광과 호텔관광전공 2-2', 604, 2020, '2', '2', '고종원 교수님', '와인소믈리에'),
(409, '호텔외식조리과 호텔조리전공 1-1', 605, 2022, '1', '1', '조미열 교수님', '한식기초조리실습'),
(410, '호텔외식조리과 호텔조리전공 1-2', 605, 2022, '2', '1', '최재영 교수님', '이태리요리실습'),
(411, '호텔외식조리과 호텔조리전공 1-1', 605, 2021, '1', '1', '이효순 교수님', '세계음식문화'),
(412, '호텔외식조리과 호텔조리전공 1-2', 605, 2021, '1', '2', '신수정 교수님', '한식기초조리실습'),
(413, '호텔외식조리과 호텔조리전공 2-1', 605, 2021, '2', '1', '이민수 교수님', '연회요리실습'),
(414, '호텔외식조리과 호텔조리전공 2-2', 605, 2021, '2', '2', '이효순 교수님', '영양학'),
(415, '호텔외식조리과 호텔조리전공 1-1', 605, 2020, '1', '1', '김성훈 교수님', '일식조리실습'),
(416, '호텔외식조리과 호텔조리전공 1-2', 605, 2020, '1', '2', '김용식 교수님', '양식기초조리실습'),
(417, '호텔외식조리과 호텔조리전공 2-1', 605, 2020, '2', '1', '이갑용 교수님', '호텔경영학'),
(418, '호텔외식조리과 호텔조리전공 2-2', 605, 2020, '2', '2', '신수정 교수님', '한식창업기초조리실습'),
(419, '호텔외식조리과 카페·베이커리전공 1-1', 606, 2022, '1', '1', '박상준 교수님', '기초제과실습'),
(420, '호텔외식조리과 카페·베이커리전공 1-1', 606, 2022, '1', '1', '신아현 교수님', '기초제빵실습'),
(421, '호텔외식조리과 카페·베이커리전공 1-1', 606, 2022, '1', '1', '김정윤 교수님', '에스프레소라떼아트실습'),
(422, '호텔외식조리과 호텔외식경영전공 1-1', 607, 2022, '1', '1', '김명희 교수님', '호텔외식경영학개론'),
(423, '호텔외식조리과 호텔외식경영전공 2-1', 607, 2022, '2', '1', '차재원 교수님', '소믈리에실무'),
(424, '호텔외식조리과 호텔외식경영전공 1-1', 607, 2021, '1', '1', '김명희 교수님', '식공간연출실무'),
(425, '호텔외식조리과 호텔외식경영전공 1-2', 607, 2021, '1', '2', '허 정 교수님', '양식조리실습2'),
(426, '호텔외식조리과 호텔외식경영전공 2-1', 607, 2021, '2', '1', '강신호 교수님', '외식창업과프랜차이즈'),
(427, '호텔외식조리과 호텔외식경영전공 2-2', 607, 2021, '2', '2', '김진숙 교수님', '호텔외식경영캡스톤'),
(428, '호텔외식조리과 호텔외식경영전공 1-1', 607, 2020, '1', '1', '정광균 교수님', '제빵실습'),
(429, '호텔외식조리과 호텔외식경영전공 1-2', 607, 2020, '1', '2', '정정희 교수님', '바리스타실무'),
(430, '호텔외식조리과 호텔외식경영전공 2-1', 607, 2020, '2', '1', '김하윤 교수님', '호텔연회와 파티플래닝'),
(431, '호텔외식조리과 호텔외식경영전공 2-2', 607, 2020, '2', '2', '강신호 교수님', '해외호텔외식경영탐방');

--
-- 덤프된 테이블의 인덱스
--

--
-- 테이블의 인덱스 `board`
--
ALTER TABLE `board`
  ADD PRIMARY KEY (`b_id`),
  ADD KEY `board_ibfk_1` (`book_name`);

--
-- 테이블의 인덱스 `book`
--
ALTER TABLE `book`
  ADD PRIMARY KEY (`book_name`),
  ADD KEY `book_ibfk_1` (`department_id`);

--
-- 테이블의 인덱스 `department`
--
ALTER TABLE `department`
  ADD PRIMARY KEY (`department_id`);

--
-- 테이블의 인덱스 `donation`
--
ALTER TABLE `donation`
  ADD PRIMARY KEY (`d_number`),
  ADD KEY `donation_ibfk_1` (`s_id`),
  ADD KEY `donation_ibfk_2` (`department_id`);

--
-- 테이블의 인덱스 `donation_check`
--
ALTER TABLE `donation_check`
  ADD PRIMARY KEY (`s_id`),
  ADD KEY `donation_check_ibfk_1` (`s_id`);

--
-- 테이블의 인덱스 `reservation`
--
ALTER TABLE `reservation`
  ADD PRIMARY KEY (`number`),
  ADD KEY `reservation_ibfk_1` (`s_id`),
  ADD KEY `reservation_ibfk_2` (`b_id`),
  ADD KEY `r_info` (`r_info`);

--
-- 테이블의 인덱스 `round`
--
ALTER TABLE `round`
  ADD PRIMARY KEY (`r_info`);

--
-- 테이블의 인덱스 `student`
--
ALTER TABLE `student`
  ADD PRIMARY KEY (`s_id`),
  ADD KEY `student_ibfk_1` (`department_id`);

--
-- 테이블의 인덱스 `when_use`
--
ALTER TABLE `when_use`
  ADD PRIMARY KEY (`id`),
  ADD KEY `department_id` (`department_id`),
  ADD KEY `when_use_ibfk_2` (`book_name`);

--
-- 덤프된 테이블의 AUTO_INCREMENT
--

--
-- 테이블의 AUTO_INCREMENT `board`
--
ALTER TABLE `board`
  MODIFY `b_id` int NOT NULL AUTO_INCREMENT, AUTO_INCREMENT=14;

--
-- 테이블의 AUTO_INCREMENT `donation`
--
ALTER TABLE `donation`
  MODIFY `d_number` int NOT NULL AUTO_INCREMENT, AUTO_INCREMENT=42;

--
-- 테이블의 AUTO_INCREMENT `reservation`
--
ALTER TABLE `reservation`
  MODIFY `number` int NOT NULL AUTO_INCREMENT, AUTO_INCREMENT=28;

--
-- 테이블의 AUTO_INCREMENT `when_use`
--
ALTER TABLE `when_use`
  MODIFY `id` int NOT NULL AUTO_INCREMENT, AUTO_INCREMENT=432;

--
-- 덤프된 테이블의 제약사항
--

--
-- 테이블의 제약사항 `board`
--
ALTER TABLE `board`
  ADD CONSTRAINT `board_ibfk_1` FOREIGN KEY (`book_name`) REFERENCES `book` (`book_name`) ON DELETE CASCADE ON UPDATE RESTRICT;

--
-- 테이블의 제약사항 `book`
--
ALTER TABLE `book`
  ADD CONSTRAINT `book_ibfk_1` FOREIGN KEY (`department_id`) REFERENCES `department` (`department_id`) ON DELETE CASCADE ON UPDATE RESTRICT;

--
-- 테이블의 제약사항 `donation`
--
ALTER TABLE `donation`
  ADD CONSTRAINT `donation_ibfk_1` FOREIGN KEY (`s_id`) REFERENCES `student` (`s_id`) ON DELETE CASCADE ON UPDATE RESTRICT,
  ADD CONSTRAINT `donation_ibfk_2` FOREIGN KEY (`department_id`) REFERENCES `department` (`department_id`) ON DELETE CASCADE ON UPDATE RESTRICT;

--
-- 테이블의 제약사항 `donation_check`
--
ALTER TABLE `donation_check`
  ADD CONSTRAINT `donation_check_ibfk_1` FOREIGN KEY (`s_id`) REFERENCES `student` (`s_id`) ON DELETE CASCADE ON UPDATE RESTRICT;

--
-- 테이블의 제약사항 `reservation`
--
ALTER TABLE `reservation`
  ADD CONSTRAINT `reservation_ibfk_1` FOREIGN KEY (`s_id`) REFERENCES `student` (`s_id`) ON DELETE CASCADE ON UPDATE RESTRICT,
  ADD CONSTRAINT `reservation_ibfk_2` FOREIGN KEY (`b_id`) REFERENCES `board` (`b_id`) ON DELETE CASCADE ON UPDATE RESTRICT,
  ADD CONSTRAINT `reservation_ibfk_3` FOREIGN KEY (`r_info`) REFERENCES `round` (`r_info`);

--
-- 테이블의 제약사항 `student`
--
ALTER TABLE `student`
  ADD CONSTRAINT `student_ibfk_1` FOREIGN KEY (`department_id`) REFERENCES `department` (`department_id`) ON DELETE CASCADE ON UPDATE RESTRICT;

--
-- 테이블의 제약사항 `when_use`
--
ALTER TABLE `when_use`
  ADD CONSTRAINT `when_use_ibfk_1` FOREIGN KEY (`department_id`) REFERENCES `department` (`department_id`) ON DELETE CASCADE ON UPDATE RESTRICT,
  ADD CONSTRAINT `when_use_ibfk_2` FOREIGN KEY (`book_name`) REFERENCES `book` (`book_name`) ON DELETE CASCADE ON UPDATE RESTRICT;
COMMIT;

/*!40101 SET CHARACTER_SET_CLIENT=@OLD_CHARACTER_SET_CLIENT */;
/*!40101 SET CHARACTER_SET_RESULTS=@OLD_CHARACTER_SET_RESULTS */;
/*!40101 SET COLLATION_CONNECTION=@OLD_COLLATION_CONNECTION */;
